customer_id,first_name,last_name,gender,email,join_date
1,John,Taylor,F,john.taylor1@example.com,2024-06-24
2,Ishaan,Taylor,F,ishaan.taylor2@example.com,2024-09-26
3,John,Das,M,john.das3@example.com,2024-10-21
4,Aarav,Johnson,F,aarav.johnson4@example.com,2024-12-12
5,Michael,Davis,M,michael.davis5@example.com,2024-09-11
6,Michael,Brown,F,michael.brown6@example.com,2024-04-29
7,Aditya,Brown,F,aditya.brown7@example.com,2024-01-16
8,Vivaan,Das,F,vivaan.das8@example.com,2024-03-26
9,Saanvi,Brown,F,saanvi.brown9@example.com,2024-09-04
10,Ananya,Khan,F,ananya.khan10@example.com,2024-04-30
11,Riya,Roy,F,riya.roy11@example.com,2024-06-11
12,David,Nair,M,david.nair12@example.com,2024-03-09
13,Aditya,Verma,M,aditya.verma13@example.com,2024-10-07
14,Kabir,Roy,M,kabir.roy14@example.com,2024-10-16
15,Kabir,Williams,M,kabir.williams15@example.com,2024-09-11
16,Ishaan,Roy,M,ishaan.roy16@example.com,2024-04-15
17,Priya,Khan,M,priya.khan17@example.com,2024-08-11
18,Vivaan,Patel,F,vivaan.patel18@example.com,2024-03-15
19,Priya,Gupta,M,priya.gupta19@example.com,2024-03-03
20,Aarav,Nair,M,aarav.nair20@example.com,2024-10-10
21,David,Verma,M,david.verma21@example.com,2024-11-08
22,Ishaan,Brown,M,ishaan.brown22@example.com,2024-03-19
23,Michael,Nair,F,michael.nair23@example.com,2024-12-20
24,Ananya,Johnson,F,ananya.johnson24@example.com,2024-10-24
25,Saanvi,Patel,F,saanvi.patel25@example.com,2024-08-02
26,Priya,Davis,F,priya.davis26@example.com,2024-07-09
27,Kabir,Patel,M,kabir.patel27@example.com,2024-07-27
28,Ananya,Gupta,M,ananya.gupta28@example.com,2024-06-10
29,Priya,Verma,M,priya.verma29@example.com,2024-06-23
30,Priya,Roy,F,priya.roy30@example.com,2024-10-10
31,Emily,Johnson,F,emily.johnson31@example.com,2024-12-19
32,Michael,Verma,F,michael.verma32@example.com,2024-11-17
33,Ishaan,Das,F,ishaan.das33@example.com,2024-06-28
34,Diya,Singh,M,diya.singh34@example.com,2024-08-01
35,David,Gupta,M,david.gupta35@example.com,2024-01-14
36,John,Das,F,john.das36@example.com,2024-06-15
37,David,Brown,F,david.brown37@example.com,2024-02-22
38,David,Williams,F,david.williams38@example.com,2024-10-28
39,Emily,Mukherjee,M,emily.mukherjee39@example.com,2024-01-03
40,Riya,Nair,F,riya.nair40@example.com,2024-09-21
41,David,Mukherjee,F,david.mukherjee41@example.com,2024-05-26
42,Michael,Roy,M,michael.roy42@example.com,2024-03-31
43,Vivaan,Sharma,F,vivaan.sharma43@example.com,2024-03-20
44,Vivaan,Davis,F,vivaan.davis44@example.com,2024-05-31
45,Raj,Gupta,M,raj.gupta45@example.com,2024-02-02
46,Aarav,Verma,M,aarav.verma46@example.com,2024-04-28
47,John,Gupta,M,john.gupta47@example.com,2024-08-20
48,Priya,Davis,M,priya.davis48@example.com,2024-10-10
49,David,Patel,M,david.patel49@example.com,2024-04-25
50,Ishaan,Patel,F,ishaan.patel50@example.com,2024-10-27
51,Arjun,Gupta,M,arjun.gupta51@example.com,2024-06-10
52,Neha,Singh,M,neha.singh52@example.com,2024-04-03
53,Emily,Verma,M,emily.verma53@example.com,2024-09-29
54,Neha,Roy,F,neha.roy54@example.com,2024-02-10
55,Aditya,Verma,F,aditya.verma55@example.com,2024-02-16
56,Saanvi,Johnson,M,saanvi.johnson56@example.com,2024-07-29
57,Riya,Verma,F,riya.verma57@example.com,2024-03-25
58,Alice,Nair,F,alice.nair58@example.com,2024-03-01
59,Aditya,Johnson,F,aditya.johnson59@example.com,2024-12-25
60,Kabir,Singh,M,kabir.singh60@example.com,2024-11-28
61,Ananya,Nair,F,ananya.nair61@example.com,2024-08-20
62,Saanvi,Taylor,F,saanvi.taylor62@example.com,2024-04-04
63,Emily,Nair,F,emily.nair63@example.com,2024-08-25
64,Ishaan,Mukherjee,M,ishaan.mukherjee64@example.com,2024-04-06
65,Sara,Roy,M,sara.roy65@example.com,2024-11-21
66,Emily,Singh,M,emily.singh66@example.com,2024-07-25
67,Ishaan,Khan,M,ishaan.khan67@example.com,2024-01-01
68,Diya,Khan,M,diya.khan68@example.com,2024-11-19
69,Arjun,Williams,M,arjun.williams69@example.com,2024-12-30
70,Vivaan,Roy,F,vivaan.roy70@example.com,2024-02-13
71,Raj,Taylor,M,raj.taylor71@example.com,2024-08-20
72,David,Taylor,M,david.taylor72@example.com,2024-03-27
73,Neha,Brown,F,neha.brown73@example.com,2024-05-15
74,Vivaan,Williams,F,vivaan.williams74@example.com,2024-04-23
75,Emily,Verma,M,emily.verma75@example.com,2024-09-15
76,Raj,Gupta,F,raj.gupta76@example.com,2024-04-17
77,Raj,Brown,M,raj.brown77@example.com,2024-03-01
78,Michael,Gupta,F,michael.gupta78@example.com,2024-08-06
79,Priya,Khan,F,priya.khan79@example.com,2024-10-04
80,John,Taylor,F,john.taylor80@example.com,2024-03-19
81,Sara,Nair,F,sara.nair81@example.com,2024-09-26
82,Diya,Patel,M,diya.patel82@example.com,2024-11-18
83,Michael,Brown,M,michael.brown83@example.com,2024-10-20
84,Kabir,Williams,F,kabir.williams84@example.com,2024-02-11
85,Michael,Roy,M,michael.roy85@example.com,2024-04-17
86,Michael,Davis,M,michael.davis86@example.com,2024-08-16
87,Sara,Das,F,sara.das87@example.com,2024-09-16
88,John,Johnson,M,john.johnson88@example.com,2024-09-17
89,John,Taylor,F,john.taylor89@example.com,2024-01-28
90,Riya,Das,F,riya.das90@example.com,2024-12-18
91,Raj,Verma,F,raj.verma91@example.com,2024-05-17
92,Ishaan,Patel,F,ishaan.patel92@example.com,2024-06-06
93,Aarav,Davis,M,aarav.davis93@example.com,2024-01-25
94,John,Khan,F,john.khan94@example.com,2024-01-24
95,John,Williams,M,john.williams95@example.com,2024-01-25
96,Raj,Johnson,M,raj.johnson96@example.com,2024-03-08
97,Kabir,Taylor,M,kabir.taylor97@example.com,2024-01-02
98,Priya,Davis,M,priya.davis98@example.com,2024-08-29
99,Aarav,Roy,F,aarav.roy99@example.com,2024-03-11
100,John,Das,F,john.das100@example.com,2024-06-21
101,Riya,Roy,F,riya.roy101@example.com,2024-04-08
102,Priya,Davis,F,priya.davis102@example.com,2024-01-07
103,Ananya,Brown,M,ananya.brown103@example.com,2024-07-28
104,Raj,Patel,M,raj.patel104@example.com,2024-06-17
105,Saanvi,Singh,M,saanvi.singh105@example.com,2024-03-15
106,Ishaan,Patel,F,ishaan.patel106@example.com,2024-01-07
107,Riya,Khan,F,riya.khan107@example.com,2024-07-24
108,Ishaan,Sharma,F,ishaan.sharma108@example.com,2024-10-03
109,Diya,Taylor,F,diya.taylor109@example.com,2024-08-16
110,Michael,Verma,M,michael.verma110@example.com,2024-06-09
111,Vivaan,Sharma,M,vivaan.sharma111@example.com,2024-04-07
112,Aarav,Brown,M,aarav.brown112@example.com,2024-04-21
113,John,Brown,F,john.brown113@example.com,2024-02-28
114,Raj,Patel,F,raj.patel114@example.com,2024-11-23
115,Kabir,Roy,M,kabir.roy115@example.com,2024-02-11
116,Arjun,Khan,M,arjun.khan116@example.com,2024-09-18
117,Raj,Mukherjee,F,raj.mukherjee117@example.com,2024-10-20
118,Emily,Patel,M,emily.patel118@example.com,2024-10-20
119,Sara,Davis,F,sara.davis119@example.com,2024-05-16
120,Arjun,Das,F,arjun.das120@example.com,2024-12-01
121,Raj,Davis,M,raj.davis121@example.com,2024-02-23
122,Aditya,Mukherjee,F,aditya.mukherjee122@example.com,2024-03-01
123,Vivaan,Brown,F,vivaan.brown123@example.com,2024-03-06
124,Ishaan,Singh,M,ishaan.singh124@example.com,2024-12-11
125,Aditya,Verma,M,aditya.verma125@example.com,2024-02-24
126,Ananya,Davis,F,ananya.davis126@example.com,2024-11-26
127,David,Sharma,M,david.sharma127@example.com,2024-12-12
128,David,Gupta,M,david.gupta128@example.com,2024-12-11
129,Kabir,Johnson,M,kabir.johnson129@example.com,2024-12-07
130,Ananya,Gupta,M,ananya.gupta130@example.com,2024-11-09
131,Kabir,Gupta,F,kabir.gupta131@example.com,2024-09-28
132,Michael,Brown,M,michael.brown132@example.com,2024-09-03
133,John,Brown,M,john.brown133@example.com,2024-09-18
134,Aisha,Verma,M,aisha.verma134@example.com,2024-06-23
135,Aditya,Mukherjee,M,aditya.mukherjee135@example.com,2024-01-13
136,Ishaan,Roy,M,ishaan.roy136@example.com,2024-06-10
137,Aarav,Roy,M,aarav.roy137@example.com,2024-04-28
138,Sara,Williams,F,sara.williams138@example.com,2024-01-18
139,Kabir,Verma,F,kabir.verma139@example.com,2024-06-01
140,Arjun,Mukherjee,M,arjun.mukherjee140@example.com,2024-11-15
141,Vivaan,Taylor,F,vivaan.taylor141@example.com,2024-12-13
142,Saanvi,Mukherjee,M,saanvi.mukherjee142@example.com,2024-11-12
143,Ananya,Roy,F,ananya.roy143@example.com,2024-09-24
144,Ananya,Roy,F,ananya.roy144@example.com,2024-07-15
145,Raj,Mukherjee,F,raj.mukherjee145@example.com,2024-09-18
146,Riya,Davis,M,riya.davis146@example.com,2024-07-16
147,Raj,Das,M,raj.das147@example.com,2024-02-27
148,David,Davis,F,david.davis148@example.com,2024-07-17
149,Michael,Khan,M,michael.khan149@example.com,2024-11-12
150,Raj,Patel,M,raj.patel150@example.com,2024-05-27
151,Raj,Brown,M,raj.brown151@example.com,2024-05-24
152,Vivaan,Nair,F,vivaan.nair152@example.com,2024-04-05
153,Priya,Nair,F,priya.nair153@example.com,2024-08-18
154,Aisha,Das,M,aisha.das154@example.com,2024-12-20
155,Michael,Mukherjee,F,michael.mukherjee155@example.com,2024-04-03
156,Ishaan,Roy,F,ishaan.roy156@example.com,2024-01-22
157,Neha,Johnson,M,neha.johnson157@example.com,2024-05-17
158,Aarav,Patel,F,aarav.patel158@example.com,2024-12-01
159,David,Khan,M,david.khan159@example.com,2024-02-13
160,Priya,Das,F,priya.das160@example.com,2024-12-23
161,Emily,Das,F,emily.das161@example.com,2024-08-08
162,Aarav,Brown,M,aarav.brown162@example.com,2024-02-07
163,Vivaan,Johnson,F,vivaan.johnson163@example.com,2024-05-03
164,Saanvi,Mukherjee,F,saanvi.mukherjee164@example.com,2024-07-20
165,Aarav,Das,F,aarav.das165@example.com,2024-06-24
166,Arjun,Singh,F,arjun.singh166@example.com,2024-09-19
167,Aditya,Johnson,M,aditya.johnson167@example.com,2024-02-02
168,Saanvi,Singh,M,saanvi.singh168@example.com,2024-02-20
169,Kabir,Sharma,M,kabir.sharma169@example.com,2024-12-17
170,Aisha,Patel,M,aisha.patel170@example.com,2024-04-14
171,Saanvi,Singh,F,saanvi.singh171@example.com,2024-10-13
172,Kabir,Gupta,M,kabir.gupta172@example.com,2024-09-01
173,Michael,Williams,F,michael.williams173@example.com,2024-04-03
174,Raj,Patel,F,raj.patel174@example.com,2024-05-02
175,Emily,Davis,M,emily.davis175@example.com,2024-03-21
176,Sara,Das,F,sara.das176@example.com,2024-08-04
177,Michael,Roy,M,michael.roy177@example.com,2024-09-14
178,Ananya,Gupta,M,ananya.gupta178@example.com,2024-10-01
179,Neha,Patel,M,neha.patel179@example.com,2024-05-22
180,Vivaan,Johnson,M,vivaan.johnson180@example.com,2024-06-09
181,Diya,Brown,F,diya.brown181@example.com,2024-01-11
182,Diya,Taylor,M,diya.taylor182@example.com,2024-03-29
183,Vivaan,Taylor,M,vivaan.taylor183@example.com,2024-02-24
184,Michael,Mukherjee,M,michael.mukherjee184@example.com,2024-03-13
185,Ananya,Singh,M,ananya.singh185@example.com,2024-07-10
186,Priya,Brown,M,priya.brown186@example.com,2024-07-13
187,Arjun,Roy,M,arjun.roy187@example.com,2024-03-24
188,Sara,Brown,M,sara.brown188@example.com,2024-09-13
189,Emily,Khan,F,emily.khan189@example.com,2024-07-26
190,Priya,Singh,M,priya.singh190@example.com,2024-05-09
191,Saanvi,Williams,F,saanvi.williams191@example.com,2024-06-22
192,Ananya,Gupta,F,ananya.gupta192@example.com,2024-06-09
193,Aditya,Taylor,F,aditya.taylor193@example.com,2024-06-18
194,Ishaan,Johnson,F,ishaan.johnson194@example.com,2024-12-04
195,Ananya,Roy,F,ananya.roy195@example.com,2024-12-24
196,Sara,Singh,M,sara.singh196@example.com,2024-07-21
197,Ananya,Williams,M,ananya.williams197@example.com,2024-11-29
198,Michael,Johnson,M,michael.johnson198@example.com,2024-06-04
199,Aisha,Das,F,aisha.das199@example.com,2024-03-29
200,Aarav,Sharma,M,aarav.sharma200@example.com,2024-05-21
201,Kabir,Verma,M,kabir.verma201@example.com,2024-03-06
202,Priya,Brown,F,priya.brown202@example.com,2024-12-21
203,Aditya,Brown,F,aditya.brown203@example.com,2024-08-11
204,John,Taylor,M,john.taylor204@example.com,2024-11-12
205,Aisha,Patel,F,aisha.patel205@example.com,2024-01-29
206,Alice,Verma,F,alice.verma206@example.com,2024-10-07
207,Sara,Das,M,sara.das207@example.com,2024-06-11
208,Priya,Das,F,priya.das208@example.com,2024-05-22
209,Aisha,Khan,M,aisha.khan209@example.com,2024-03-13
210,Aarav,Nair,M,aarav.nair210@example.com,2024-11-14
211,Arjun,Williams,M,arjun.williams211@example.com,2024-04-24
212,Vivaan,Brown,M,vivaan.brown212@example.com,2024-10-11
213,Alice,Khan,M,alice.khan213@example.com,2024-05-15
214,Raj,Patel,F,raj.patel214@example.com,2024-12-09
215,Emily,Verma,F,emily.verma215@example.com,2024-11-22
216,Neha,Verma,M,neha.verma216@example.com,2024-10-05
217,David,Johnson,F,david.johnson217@example.com,2024-01-09
218,Neha,Williams,M,neha.williams218@example.com,2024-01-14
219,Aarav,Verma,F,aarav.verma219@example.com,2024-05-17
220,Priya,Williams,F,priya.williams220@example.com,2024-01-25
221,John,Brown,M,john.brown221@example.com,2024-01-21
222,Diya,Khan,F,diya.khan222@example.com,2024-10-11
223,Michael,Das,F,michael.das223@example.com,2024-10-04
224,Aarav,Sharma,M,aarav.sharma224@example.com,2024-07-05
225,Kabir,Khan,M,kabir.khan225@example.com,2024-01-05
226,Diya,Roy,F,diya.roy226@example.com,2024-10-13
227,Aditya,Gupta,M,aditya.gupta227@example.com,2024-07-17
228,Ananya,Williams,F,ananya.williams228@example.com,2024-05-09
229,Aisha,Johnson,F,aisha.johnson229@example.com,2024-12-25
230,David,Taylor,M,david.taylor230@example.com,2024-11-04
231,Aditya,Roy,M,aditya.roy231@example.com,2024-02-12
232,Riya,Gupta,F,riya.gupta232@example.com,2024-08-19
233,Neha,Nair,F,neha.nair233@example.com,2024-02-03
234,David,Johnson,F,david.johnson234@example.com,2024-04-26
235,Ananya,Davis,M,ananya.davis235@example.com,2024-02-05
236,Saanvi,Gupta,F,saanvi.gupta236@example.com,2024-09-03
237,David,Roy,M,david.roy237@example.com,2024-09-06
238,Vivaan,Gupta,F,vivaan.gupta238@example.com,2024-06-17
239,Diya,Taylor,F,diya.taylor239@example.com,2024-02-19
240,Riya,Khan,M,riya.khan240@example.com,2024-09-28
241,Michael,Patel,F,michael.patel241@example.com,2024-08-23
242,Michael,Mukherjee,F,michael.mukherjee242@example.com,2024-01-11
243,Alice,Das,F,alice.das243@example.com,2024-05-31
244,Aisha,Nair,M,aisha.nair244@example.com,2024-04-27
245,Emily,Gupta,F,emily.gupta245@example.com,2024-02-06
246,Neha,Das,F,neha.das246@example.com,2024-02-11
247,Saanvi,Patel,F,saanvi.patel247@example.com,2024-12-06
248,Sara,Nair,M,sara.nair248@example.com,2024-03-09
249,Michael,Johnson,M,michael.johnson249@example.com,2024-10-21
250,Alice,Williams,M,alice.williams250@example.com,2024-03-06
251,Ananya,Khan,F,ananya.khan251@example.com,2024-09-26
252,Arjun,Patel,M,arjun.patel252@example.com,2024-11-02
253,Raj,Nair,F,raj.nair253@example.com,2024-04-19
254,Kabir,Khan,F,kabir.khan254@example.com,2024-10-10
255,Michael,Gupta,F,michael.gupta255@example.com,2024-01-10
256,Vivaan,Patel,M,vivaan.patel256@example.com,2024-03-27
257,Emily,Verma,M,emily.verma257@example.com,2024-10-04
258,Vivaan,Singh,M,vivaan.singh258@example.com,2024-04-27
259,Ananya,Williams,M,ananya.williams259@example.com,2024-04-15
260,Diya,Johnson,M,diya.johnson260@example.com,2024-08-27
261,Aditya,Khan,M,aditya.khan261@example.com,2024-09-09
262,Neha,Gupta,F,neha.gupta262@example.com,2024-06-15
263,Alice,Verma,M,alice.verma263@example.com,2024-04-02
264,Aditya,Singh,M,aditya.singh264@example.com,2024-10-17
265,Kabir,Patel,M,kabir.patel265@example.com,2024-07-09
266,Aditya,Johnson,M,aditya.johnson266@example.com,2024-05-02
267,Ananya,Nair,F,ananya.nair267@example.com,2024-05-20
268,Priya,Patel,M,priya.patel268@example.com,2024-05-05
269,Emily,Brown,F,emily.brown269@example.com,2024-12-16
270,Priya,Brown,M,priya.brown270@example.com,2024-06-03
271,Michael,Taylor,F,michael.taylor271@example.com,2024-01-30
272,Michael,Johnson,M,michael.johnson272@example.com,2024-04-01
273,Neha,Johnson,F,neha.johnson273@example.com,2024-04-28
274,Vivaan,Das,M,vivaan.das274@example.com,2024-02-10
275,Kabir,Mukherjee,M,kabir.mukherjee275@example.com,2024-07-15
276,Ananya,Nair,F,ananya.nair276@example.com,2024-11-03
277,Emily,Verma,M,emily.verma277@example.com,2024-06-07
278,Sara,Williams,F,sara.williams278@example.com,2024-09-27
279,David,Khan,F,david.khan279@example.com,2024-11-26
280,Kabir,Patel,F,kabir.patel280@example.com,2024-10-15
281,Sara,Mukherjee,F,sara.mukherjee281@example.com,2024-03-20
282,Diya,Davis,M,diya.davis282@example.com,2024-10-30
283,David,Johnson,M,david.johnson283@example.com,2024-12-30
284,Saanvi,Nair,M,saanvi.nair284@example.com,2024-02-10
285,Riya,Brown,M,riya.brown285@example.com,2024-11-08
286,Diya,Das,M,diya.das286@example.com,2024-12-10
287,John,Sharma,F,john.sharma287@example.com,2024-12-30
288,Sara,Williams,M,sara.williams288@example.com,2024-11-26
289,Emily,Verma,F,emily.verma289@example.com,2024-05-11
290,Vivaan,Johnson,M,vivaan.johnson290@example.com,2024-05-04
291,Kabir,Patel,M,kabir.patel291@example.com,2024-12-30
292,Riya,Sharma,F,riya.sharma292@example.com,2024-12-16
293,Aditya,Nair,M,aditya.nair293@example.com,2024-12-16
294,Kabir,Singh,M,kabir.singh294@example.com,2024-07-19
295,Arjun,Mukherjee,M,arjun.mukherjee295@example.com,2024-12-28
296,Arjun,Johnson,M,arjun.johnson296@example.com,2024-05-16
297,Aisha,Sharma,F,aisha.sharma297@example.com,2024-02-18
298,Aditya,Sharma,F,aditya.sharma298@example.com,2024-04-15
299,Arjun,Johnson,M,arjun.johnson299@example.com,2024-09-02
300,Diya,Mukherjee,F,diya.mukherjee300@example.com,2024-05-25
301,Ishaan,Davis,M,ishaan.davis301@example.com,2024-10-13
302,Alice,Roy,M,alice.roy302@example.com,2024-11-26
303,Alice,Patel,M,alice.patel303@example.com,2024-09-02
304,Diya,Sharma,M,diya.sharma304@example.com,2024-12-29
305,Riya,Williams,F,riya.williams305@example.com,2024-04-22
306,Riya,Davis,F,riya.davis306@example.com,2024-04-30
307,Neha,Williams,M,neha.williams307@example.com,2024-03-20
308,John,Taylor,F,john.taylor308@example.com,2024-12-19
309,Aditya,Patel,F,aditya.patel309@example.com,2024-03-06
310,Priya,Patel,M,priya.patel310@example.com,2024-05-01
311,Alice,Verma,F,alice.verma311@example.com,2024-06-25
312,Ishaan,Singh,F,ishaan.singh312@example.com,2024-08-22
313,John,Roy,F,john.roy313@example.com,2024-10-13
314,John,Das,M,john.das314@example.com,2024-10-03
315,Michael,Verma,F,michael.verma315@example.com,2024-07-30
316,Emily,Williams,M,emily.williams316@example.com,2024-05-13
317,Emily,Roy,F,emily.roy317@example.com,2024-10-29
318,Vivaan,Verma,M,vivaan.verma318@example.com,2024-06-02
319,Aarav,Mukherjee,F,aarav.mukherjee319@example.com,2024-08-06
320,David,Williams,F,david.williams320@example.com,2024-08-01
321,Emily,Taylor,M,emily.taylor321@example.com,2024-10-27
322,Neha,Patel,M,neha.patel322@example.com,2024-01-01
323,Michael,Taylor,F,michael.taylor323@example.com,2024-11-09
324,David,Gupta,F,david.gupta324@example.com,2024-09-14
325,Sara,Davis,F,sara.davis325@example.com,2024-03-09
326,Michael,Roy,F,michael.roy326@example.com,2024-03-05
327,Vivaan,Singh,M,vivaan.singh327@example.com,2024-03-29
328,Kabir,Das,M,kabir.das328@example.com,2024-05-09
329,Arjun,Roy,F,arjun.roy329@example.com,2024-08-20
330,John,Brown,F,john.brown330@example.com,2024-04-28
331,Arjun,Davis,F,arjun.davis331@example.com,2024-10-17
332,Alice,Johnson,F,alice.johnson332@example.com,2024-05-19
333,Raj,Roy,M,raj.roy333@example.com,2024-05-25
334,Raj,Khan,F,raj.khan334@example.com,2024-09-11
335,Neha,Davis,M,neha.davis335@example.com,2024-03-06
336,Emily,Mukherjee,M,emily.mukherjee336@example.com,2024-08-20
337,Alice,Johnson,F,alice.johnson337@example.com,2024-06-01
338,Ishaan,Davis,M,ishaan.davis338@example.com,2024-03-16
339,Aditya,Nair,F,aditya.nair339@example.com,2024-10-20
340,John,Patel,M,john.patel340@example.com,2024-02-02
341,Aditya,Davis,M,aditya.davis341@example.com,2024-09-29
342,Sara,Davis,M,sara.davis342@example.com,2024-04-18
343,Aditya,Das,M,aditya.das343@example.com,2024-11-14
344,Kabir,Williams,F,kabir.williams344@example.com,2024-09-29
345,Alice,Nair,M,alice.nair345@example.com,2024-06-03
346,Sara,Patel,M,sara.patel346@example.com,2024-05-15
347,Riya,Johnson,M,riya.johnson347@example.com,2024-06-25
348,Kabir,Johnson,F,kabir.johnson348@example.com,2024-09-13
349,Raj,Johnson,M,raj.johnson349@example.com,2024-01-09
350,Ananya,Das,M,ananya.das350@example.com,2024-02-16
351,Aditya,Nair,F,aditya.nair351@example.com,2024-10-06
352,Aisha,Roy,F,aisha.roy352@example.com,2024-10-24
353,Sara,Nair,M,sara.nair353@example.com,2024-07-06
354,Raj,Verma,M,raj.verma354@example.com,2024-11-12
355,Alice,Khan,M,alice.khan355@example.com,2024-03-10
356,Raj,Davis,F,raj.davis356@example.com,2024-04-22
357,Kabir,Davis,F,kabir.davis357@example.com,2024-03-02
358,Arjun,Patel,M,arjun.patel358@example.com,2024-01-20
359,Neha,Johnson,F,neha.johnson359@example.com,2024-08-12
360,Arjun,Roy,F,arjun.roy360@example.com,2024-04-15
361,Ishaan,Roy,M,ishaan.roy361@example.com,2024-05-09
362,Riya,Singh,M,riya.singh362@example.com,2024-07-31
363,Ananya,Johnson,M,ananya.johnson363@example.com,2024-03-05
364,Emily,Taylor,M,emily.taylor364@example.com,2024-04-30
365,Michael,Johnson,M,michael.johnson365@example.com,2024-07-08
366,Riya,Davis,F,riya.davis366@example.com,2024-08-29
367,Vivaan,Davis,M,vivaan.davis367@example.com,2024-02-15
368,Vivaan,Brown,M,vivaan.brown368@example.com,2024-03-20
369,Michael,Nair,M,michael.nair369@example.com,2024-04-13
370,Ishaan,Mukherjee,M,ishaan.mukherjee370@example.com,2024-12-25
371,Sara,Taylor,M,sara.taylor371@example.com,2024-12-20
372,Michael,Patel,F,michael.patel372@example.com,2024-02-23
373,Saanvi,Johnson,F,saanvi.johnson373@example.com,2024-07-02
374,Vivaan,Patel,M,vivaan.patel374@example.com,2024-12-19
375,Aisha,Gupta,F,aisha.gupta375@example.com,2024-07-12
376,Aisha,Khan,M,aisha.khan376@example.com,2024-03-23
377,Saanvi,Johnson,F,saanvi.johnson377@example.com,2024-09-13
378,David,Brown,F,david.brown378@example.com,2024-07-23
379,Aisha,Brown,M,aisha.brown379@example.com,2024-04-02
380,Diya,Das,M,diya.das380@example.com,2024-05-15
381,John,Singh,F,john.singh381@example.com,2024-10-29
382,Saanvi,Mukherjee,F,saanvi.mukherjee382@example.com,2024-04-27
383,Emily,Sharma,F,emily.sharma383@example.com,2024-08-16
384,Sara,Taylor,M,sara.taylor384@example.com,2024-07-13
385,Vivaan,Davis,M,vivaan.davis385@example.com,2024-03-19
386,Kabir,Davis,M,kabir.davis386@example.com,2024-02-01
387,Aisha,Patel,F,aisha.patel387@example.com,2024-08-01
388,Arjun,Das,F,arjun.das388@example.com,2024-11-15
389,Aditya,Brown,F,aditya.brown389@example.com,2024-03-10
390,Sara,Gupta,M,sara.gupta390@example.com,2024-09-05
391,Ishaan,Roy,M,ishaan.roy391@example.com,2024-02-20
392,Raj,Johnson,F,raj.johnson392@example.com,2024-05-10
393,Neha,Patel,M,neha.patel393@example.com,2024-01-12
394,Riya,Johnson,M,riya.johnson394@example.com,2024-06-17
395,Priya,Taylor,M,priya.taylor395@example.com,2024-07-28
396,Priya,Johnson,F,priya.johnson396@example.com,2024-03-23
397,Aditya,Nair,M,aditya.nair397@example.com,2024-04-05
398,Sara,Gupta,F,sara.gupta398@example.com,2024-08-16
399,Alice,Singh,M,alice.singh399@example.com,2024-06-08
400,David,Johnson,M,david.johnson400@example.com,2024-09-02
401,Emily,Roy,F,emily.roy401@example.com,2024-06-25
402,Saanvi,Mukherjee,F,saanvi.mukherjee402@example.com,2024-10-29
403,Priya,Johnson,M,priya.johnson403@example.com,2024-05-07
404,Aisha,Brown,M,aisha.brown404@example.com,2024-04-28
405,Emily,Brown,M,emily.brown405@example.com,2024-05-13
406,Kabir,Khan,F,kabir.khan406@example.com,2024-07-27
407,Riya,Patel,M,riya.patel407@example.com,2024-08-31
408,John,Verma,M,john.verma408@example.com,2024-04-19
409,Alice,Gupta,M,alice.gupta409@example.com,2024-10-06
410,Aditya,Taylor,F,aditya.taylor410@example.com,2024-08-03
411,Arjun,Brown,M,arjun.brown411@example.com,2024-07-07
412,John,Nair,M,john.nair412@example.com,2024-02-14
413,Aditya,Nair,F,aditya.nair413@example.com,2024-04-08
414,Kabir,Roy,F,kabir.roy414@example.com,2024-02-20
415,Sara,Johnson,M,sara.johnson415@example.com,2024-06-23
416,John,Davis,M,john.davis416@example.com,2024-08-25
417,Priya,Gupta,F,priya.gupta417@example.com,2024-07-16
418,David,Das,M,david.das418@example.com,2024-06-29
419,Ishaan,Williams,F,ishaan.williams419@example.com,2024-02-15
420,Alice,Mukherjee,F,alice.mukherjee420@example.com,2024-10-05
421,Aditya,Patel,M,aditya.patel421@example.com,2024-11-05
422,Emily,Roy,M,emily.roy422@example.com,2024-03-30
423,Neha,Williams,M,neha.williams423@example.com,2024-02-22
424,Michael,Mukherjee,F,michael.mukherjee424@example.com,2024-12-05
425,Kabir,Das,F,kabir.das425@example.com,2024-09-20
426,Kabir,Taylor,M,kabir.taylor426@example.com,2024-05-18
427,David,Sharma,M,david.sharma427@example.com,2024-12-18
428,Raj,Roy,F,raj.roy428@example.com,2024-04-25
429,Ishaan,Mukherjee,M,ishaan.mukherjee429@example.com,2024-05-27
430,Alice,Williams,M,alice.williams430@example.com,2024-04-28
431,Aarav,Das,M,aarav.das431@example.com,2024-01-03
432,Diya,Verma,M,diya.verma432@example.com,2024-11-07
433,Saanvi,Roy,F,saanvi.roy433@example.com,2024-03-29
434,Neha,Taylor,M,neha.taylor434@example.com,2024-12-09
435,Arjun,Das,F,arjun.das435@example.com,2024-04-03
436,Arjun,Williams,F,arjun.williams436@example.com,2024-11-14
437,Aditya,Brown,F,aditya.brown437@example.com,2024-01-31
438,Neha,Taylor,M,neha.taylor438@example.com,2024-08-04
439,Arjun,Verma,M,arjun.verma439@example.com,2024-05-17
440,Diya,Williams,F,diya.williams440@example.com,2024-12-16
441,Michael,Sharma,M,michael.sharma441@example.com,2024-09-22
442,Emily,Khan,F,emily.khan442@example.com,2024-10-17
443,Aisha,Patel,F,aisha.patel443@example.com,2024-12-07
444,Raj,Taylor,M,raj.taylor444@example.com,2024-05-10
445,Ananya,Mukherjee,M,ananya.mukherjee445@example.com,2024-02-12
446,Neha,Williams,M,neha.williams446@example.com,2024-04-24
447,Neha,Davis,M,neha.davis447@example.com,2024-12-27
448,Arjun,Williams,M,arjun.williams448@example.com,2024-10-08
449,Arjun,Williams,M,arjun.williams449@example.com,2024-11-28
450,Sara,Roy,F,sara.roy450@example.com,2024-02-22
451,Vivaan,Verma,M,vivaan.verma451@example.com,2024-06-06
452,Saanvi,Gupta,F,saanvi.gupta452@example.com,2024-03-08
453,Saanvi,Taylor,F,saanvi.taylor453@example.com,2024-07-31
454,Diya,Davis,M,diya.davis454@example.com,2024-02-29
455,John,Verma,M,john.verma455@example.com,2024-05-31
456,Raj,Mukherjee,M,raj.mukherjee456@example.com,2024-07-26
457,Vivaan,Sharma,M,vivaan.sharma457@example.com,2024-02-13
458,Aditya,Sharma,F,aditya.sharma458@example.com,2024-06-28
459,John,Khan,F,john.khan459@example.com,2024-02-21
460,Ananya,Taylor,M,ananya.taylor460@example.com,2024-01-14
461,Diya,Sharma,F,diya.sharma461@example.com,2024-10-06
462,Sara,Williams,M,sara.williams462@example.com,2024-11-27
463,Kabir,Mukherjee,M,kabir.mukherjee463@example.com,2024-08-18
464,Ishaan,Roy,F,ishaan.roy464@example.com,2024-06-19
465,Priya,Nair,F,priya.nair465@example.com,2024-07-17
466,Saanvi,Das,M,saanvi.das466@example.com,2024-10-29
467,Kabir,Johnson,M,kabir.johnson467@example.com,2024-04-20
468,Aisha,Davis,F,aisha.davis468@example.com,2024-04-05
469,David,Davis,M,david.davis469@example.com,2024-05-30
470,Ishaan,Sharma,M,ishaan.sharma470@example.com,2024-03-20
471,Diya,Taylor,F,diya.taylor471@example.com,2024-05-08
472,Arjun,Verma,M,arjun.verma472@example.com,2024-01-14
473,Saanvi,Patel,M,saanvi.patel473@example.com,2024-02-02
474,Aditya,Johnson,M,aditya.johnson474@example.com,2024-05-30
475,Aisha,Gupta,M,aisha.gupta475@example.com,2024-09-26
476,Diya,Das,F,diya.das476@example.com,2024-03-20
477,Priya,Sharma,F,priya.sharma477@example.com,2024-12-01
478,Aditya,Patel,M,aditya.patel478@example.com,2024-10-20
479,Aarav,Mukherjee,F,aarav.mukherjee479@example.com,2024-09-11
480,Arjun,Gupta,F,arjun.gupta480@example.com,2024-09-26
481,John,Mukherjee,M,john.mukherjee481@example.com,2024-10-04
482,Aisha,Nair,M,aisha.nair482@example.com,2024-10-24
483,Neha,Gupta,F,neha.gupta483@example.com,2024-04-13
484,Kabir,Singh,M,kabir.singh484@example.com,2024-05-17
485,Kabir,Mukherjee,F,kabir.mukherjee485@example.com,2024-09-28
486,Aarav,Mukherjee,M,aarav.mukherjee486@example.com,2024-02-20
487,Emily,Verma,M,emily.verma487@example.com,2024-03-06
488,Aditya,Patel,M,aditya.patel488@example.com,2024-10-07
489,Aisha,Johnson,F,aisha.johnson489@example.com,2024-03-23
490,Alice,Gupta,M,alice.gupta490@example.com,2024-10-01
491,Vivaan,Verma,M,vivaan.verma491@example.com,2024-09-22
492,Priya,Brown,F,priya.brown492@example.com,2024-01-09
493,Riya,Davis,M,riya.davis493@example.com,2024-10-14
494,Raj,Nair,F,raj.nair494@example.com,2024-05-22
495,Ishaan,Taylor,F,ishaan.taylor495@example.com,2024-02-12
496,Priya,Williams,F,priya.williams496@example.com,2024-05-04
497,Aarav,Verma,F,aarav.verma497@example.com,2024-04-08
498,John,Mukherjee,M,john.mukherjee498@example.com,2024-05-12
499,Riya,Taylor,F,riya.taylor499@example.com,2024-11-28
500,Aarav,Das,F,aarav.das500@example.com,2024-08-11
